INSERT INTO SEC_Organization (Id, Path, Parent, Name, created_by, created_date, last_updated_by, last_updated_date) VALUES (N'BFAB3E63-6A5D-46EE-B284-AE77CAE2074E', 'BFAB3E63-6A5D-46EE-B284-AE77CAE2074E', NULL, N'品高软件开发',N'43FE6476-CD7B-493B-8044-C7E3149D0876',SYSDATE(),N'43FE6476-CD7B-493B-8044-C7E3149D0876',SYSDATE());

INSERT INTO SEC_User (Id, Name, Type, Login_Id, Password, Email, Mobile_Phone, Sex, Birthday, Status, Org_Id, created_by, created_date, last_updated_by, last_updated_date) VALUES (N'43FE6476-CD7B-493B-8044-C7E3149D0876', N'系统管理员', N'local', N'admin', N'ICy5YqxZB1uWSwcVLSNLcA==', N'', N'', N'U', NULL, N'enabled', N'BFAB3E63-6A5D-46EE-B284-AE77CAE2074E',N'43FE6476-CD7B-493B-8044-C7E3149D0876',SYSDATE(),N'43FE6476-CD7B-493B-8044-C7E3149D0876',SYSDATE());

INSERT INTO SEC_Role (Id, Name, Description, created_by, created_date, last_updated_by, last_updated_date) VALUES (N'AD6754E3-B4D8-412D-9CD9-DC19DC42EBEA', N'系统管理员', N'用于管理系统的权限，初始化系统',N'43FE6476-CD7B-493B-8044-C7E3149D0876',SYSDATE(),N'43FE6476-CD7B-493B-8044-C7E3149D0876',SYSDATE());
INSERT INTO SEC_Role (Id, Name, Description, created_by, created_date, last_updated_by, last_updated_date) VALUES (N'0FE18959-74EA-44F0-B63E-D4B3674E399E', N'部门经理', N'',N'43FE6476-CD7B-493B-8044-C7E3149D0876',SYSDATE(),N'43FE6476-CD7B-493B-8044-C7E3149D0876',SYSDATE());
INSERT INTO SEC_Role (Id, Name, Description, created_by, created_date, last_updated_by, last_updated_date) VALUES (N'84FA16A2-E5A9-43A3-B202-C88BFE28BF8F', N'普通员工', N'',N'43FE6476-CD7B-493B-8044-C7E3149D0876',SYSDATE(),N'43FE6476-CD7B-493B-8044-C7E3149D0876',SYSDATE());
                                              
INSERT INTO SEC_Permission (Id, Path, Parent, Code, Name, Context, Url, Type, Element_Id, Element_Behaviour, Description, `ORDER`, created_by, created_date, last_updated_by, last_updated_date) VALUES (N'F7101DF7-6C1D-4240-8E46-EFB58B9E40E6', 'F7101DF7-6C1D-4240-8E46-EFB58B9E40E6', NULL, N'SECURITY_CONSOLE', N'系统管理', 'http://{host}:{port}/bingo-security-console', null, N'Module', NULL, NULL, NULL, 1, N'43FE6476-CD7B-493B-8044-C7E3149D0876',SYSDATE(),N'43FE6476-CD7B-493B-8044-C7E3149D0876',SYSDATE());
INSERT INTO SEC_Permission (Id, Path, Parent, Code, Name, Url, Type, Element_Id, Element_Behaviour, Description, `ORDER`, created_by, created_date, last_updated_by, last_updated_date) VALUES (N'FF99A85F-C6E8-4A4B-BFB8-4FE45330BE3B', 'F7101DF7-6C1D-4240-8E46-EFB58B9E40E6.FF99A85F-C6E8-4A4B-BFB8-4FE45330BE3B', N'F7101DF7-6C1D-4240-8E46-EFB58B9E40E6', N'USER_MANAGE', N'用户管理', N'/modules/user/list_sec_user_main.jsp', N'Page', NULL, NULL, N'',100,N'43FE6476-CD7B-493B-8044-C7E3149D0876',SYSDATE(),N'43FE6476-CD7B-493B-8044-C7E3149D0876',SYSDATE());
INSERT INTO SEC_Permission (Id, Path, Parent, Code, Name, Url, Type, Element_Id, Element_Behaviour, Description, created_by, created_date, last_updated_by, last_updated_date) VALUES (N'9CD3422F-8928-4B46-B730-E351DC018676', 'F7101DF7-6C1D-4240-8E46-EFB58B9E40E6.FF99A85F-C6E8-4A4B-BFB8-4FE45330BE3B.9CD3422F-8928-4B46-B730-E351DC018676', N'FF99A85F-C6E8-4A4B-BFB8-4FE45330BE3B', N'USER_MANAGE$CREATE_USER', N'创建用户', N'/modules/user/list_sec_user.jsp', N'Element', N'', NULL, N'',N'43FE6476-CD7B-493B-8044-C7E3149D0876',SYSDATE(),N'43FE6476-CD7B-493B-8044-C7E3149D0876',SYSDATE());
INSERT INTO SEC_Permission (Id, Path, Parent, Code, Name, Url, Type, Element_Id, Element_Behaviour, Description, created_by, created_date, last_updated_by, last_updated_date) VALUES (N'AD6754E3-B4D8-412D-9CD9-DC19DC42EBEA', 'F7101DF7-6C1D-4240-8E46-EFB58B9E40E6.FF99A85F-C6E8-4A4B-BFB8-4FE45330BE3B.AD6754E3-B4D8-412D-9CD9-DC19DC42EBEA', N'FF99A85F-C6E8-4A4B-BFB8-4FE45330BE3B', N'USER_MANAGE$QUERY_USER', N'查询用户', N'/modules/user/list_sec_user.jsp', N'Element', N'', NULL, N'',N'43FE6476-CD7B-493B-8044-C7E3149D0876',SYSDATE(),N'43FE6476-CD7B-493B-8044-C7E3149D0876',SYSDATE());
INSERT INTO SEC_Permission (Id, Path, Parent, Code, Name, Url, Type, Element_Id, Element_Behaviour, Description, created_by, created_date, last_updated_by, last_updated_date) VALUES (N'4FF5615D-F9FF-47B7-946D-089E014735B6', 'F7101DF7-6C1D-4240-8E46-EFB58B9E40E6.FF99A85F-C6E8-4A4B-BFB8-4FE45330BE3B.4FF5615D-F9FF-47B7-946D-089E014735B6', N'FF99A85F-C6E8-4A4B-BFB8-4FE45330BE3B', N'USER_MANAGE$DELETE_USER', N'删除用户', N'/modules/user/list_sec_user.jsp', N'Element', N'', NULL, N'',N'43FE6476-CD7B-493B-8044-C7E3149D0876',SYSDATE(),N'43FE6476-CD7B-493B-8044-C7E3149D0876',SYSDATE());
INSERT INTO SEC_Permission (Id, Path, Parent, Code, Name, Url, Type, Element_Id, Element_Behaviour, Description, created_by, created_date, last_updated_by, last_updated_date) VALUES (N'0AB24757-80FA-4345-9FCC-C59EC2FDDC16', 'F7101DF7-6C1D-4240-8E46-EFB58B9E40E6.FF99A85F-C6E8-4A4B-BFB8-4FE45330BE3B.0AB24757-80FA-4345-9FCC-C59EC2FDDC16', N'FF99A85F-C6E8-4A4B-BFB8-4FE45330BE3B', N'USER_MANAGE$EDIT_USER', N'修改用户', N'/modules/user/list_sec_user.jsp', N'Element', N'', NULL, N'',N'43FE6476-CD7B-493B-8044-C7E3149D0876',SYSDATE(),N'43FE6476-CD7B-493B-8044-C7E3149D0876',SYSDATE());
INSERT INTO SEC_Permission (Id, Path, Parent, Code, Name, Url, Type, Element_Id, Element_Behaviour, Description, created_by, created_date, last_updated_by, last_updated_date) VALUES (N'43FE6476-CD7B-493B-8044-C7E3149D0876', 'F7101DF7-6C1D-4240-8E46-EFB58B9E40E6.FF99A85F-C6E8-4A4B-BFB8-4FE45330BE3B.43FE6476-CD7B-493B-8044-C7E3149D0876', N'FF99A85F-C6E8-4A4B-BFB8-4FE45330BE3B', N'USER_MANAGE$ASSIGN_ROLE', N'分配管理角色', N'/modules/user/list_sec_user.jsp', N'Element', N'', NULL, N'',N'43FE6476-CD7B-493B-8044-C7E3149D0876',SYSDATE(),N'43FE6476-CD7B-493B-8044-C7E3149D0876',SYSDATE());
INSERT INTO SEC_Permission (Id, Path, Parent, Code, Name, Url, Type, Element_Id, Element_Behaviour, Description, created_by, created_date, last_updated_by, last_updated_date) VALUES (N'43FE6476-CD7B-493B-8044-C7E3149D0823', 'F7101DF7-6C1D-4240-8E46-EFB58B9E40E6.FF99A85F-C6E8-4A4B-BFB8-4FE45330BE3B.43FE6476-CD7B-493B-8044-C7E3149D0823', N'FF99A85F-C6E8-4A4B-BFB8-4FE45330BE3B', N'USER_MANAGE$ASSIGN_WF_ROLE', N'分配流程角色', N'/modules/user/list_sec_user.jsp', N'Element', N'', NULL, N'',N'43FE6476-CD7B-493B-8044-C7E3149D0876',SYSDATE(),N'43FE6476-CD7B-493B-8044-C7E3149D0876',SYSDATE());
INSERT INTO SEC_Permission (Id, Path, Parent, Code, Name, Url, Type, Element_Id, Element_Behaviour, Description, created_by, created_date, last_updated_by, last_updated_date) VALUES (N'5232E651-8566-4C38-8DD7-226CD47F6408', 'F7101DF7-6C1D-4240-8E46-EFB58B9E40E6.FF99A85F-C6E8-4A4B-BFB8-4FE45330BE3B.5232E651-8566-4C38-8DD7-226CD47F6408', N'FF99A85F-C6E8-4A4B-BFB8-4FE45330BE3B', N'USER_MANAGE$ENABLE_USER', N'启用帐号', N'/modules/user/list_sec_user.jsp', N'Element', N'', NULL, N'',N'43FE6476-CD7B-493B-8044-C7E3149D0876',SYSDATE(),N'43FE6476-CD7B-493B-8044-C7E3149D0876',SYSDATE());
INSERT INTO SEC_Permission (Id, Path, Parent, Code, Name, Url, Type, Element_Id, Element_Behaviour, Description, created_by, created_date, last_updated_by, last_updated_date) VALUES (N'1389F41B-3409-4DA7-BDC7-B8F2D099CC26', 'F7101DF7-6C1D-4240-8E46-EFB58B9E40E6.FF99A85F-C6E8-4A4B-BFB8-4FE45330BE3B.1389F41B-3409-4DA7-BDC7-B8F2D099CC26', N'FF99A85F-C6E8-4A4B-BFB8-4FE45330BE3B', N'USER_MANAGE$DISABLE_USER', N'停用帐号', N'/modules/user/list_sec_user.jsp', N'Element', N'', NULL, N'',N'43FE6476-CD7B-493B-8044-C7E3149D0876',SYSDATE(),N'43FE6476-CD7B-493B-8044-C7E3149D0876',SYSDATE());
INSERT INTO SEC_Permission (Id, Path, Parent, Code, Name, Url, Type, Element_Id, Element_Behaviour, Description, created_by, created_date, last_updated_by, last_updated_date) VALUES (N'1EB23240-22DA-48ED-848C-0361BB318803', 'F7101DF7-6C1D-4240-8E46-EFB58B9E40E6.FF99A85F-C6E8-4A4B-BFB8-4FE45330BE3B.1EB23240-22DA-48ED-848C-0361BB318803', N'FF99A85F-C6E8-4A4B-BFB8-4FE45330BE3B', N'USER_MANAGE$RESET_PASSWORD', N'重置密码', N'/modules/user/list_sec_user.jsp', N'Element', N'', NULL, N'',N'43FE6476-CD7B-493B-8044-C7E3149D0876',SYSDATE(),N'43FE6476-CD7B-493B-8044-C7E3149D0876',SYSDATE());
INSERT INTO SEC_Permission (Id, Path, Parent, Code, Name, Url, Type, Element_Id, Element_Behaviour, Description, `ORDER`, created_by, created_date, last_updated_by, last_updated_date) VALUES (N'4FDAA839-76C6-4299-9808-F72A2412A43A','F7101DF7-6C1D-4240-8E46-EFB58B9E40E6.4FDAA839-76C6-4299-9808-F72A2412A43A', N'F7101DF7-6C1D-4240-8E46-EFB58B9E40E6', N'ROLE_MANAGE', N'角色管理', N'/modules/role/list_sec_role.jsp', N'Page', NULL, NULL, N'',110,N'43FE6476-CD7B-493B-8044-C7E3149D0876',SYSDATE(),N'43FE6476-CD7B-493B-8044-C7E3149D0876',SYSDATE());
INSERT INTO SEC_Permission (Id, Path, Parent, Code, Name, Url, Type, Element_Id, Element_Behaviour, Description, `ORDER`, created_by, created_date, last_updated_by, last_updated_date) VALUES (N'16098EF4-8D86-4D55-BB32-6CCB59625398','F7101DF7-6C1D-4240-8E46-EFB58B9E40E6.16098EF4-8D86-4D55-BB32-6CCB59625398', N'F7101DF7-6C1D-4240-8E46-EFB58B9E40E6', N'ORGANIZATION_MANAGE', N'组织管理', N'/modules/organization/sec_organization_main.jsp', N'Page', NULL, NULL, N'',90,N'43FE6476-CD7B-493B-8044-C7E3149D0876',SYSDATE(),N'43FE6476-CD7B-493B-8044-C7E3149D0876',SYSDATE());
INSERT INTO SEC_Permission (Id, Path, Parent, Code, Name, Url, Type, Element_Id, Element_Behaviour, Description, created_by, created_date, last_updated_by, last_updated_date) VALUES (N'AFA12C4C-F370-45A1-94BD-1CFF2A5103BA','F7101DF7-6C1D-4240-8E46-EFB58B9E40E6.16098EF4-8D86-4D55-BB32-6CCB59625398.AFA12C4C-F370-45A1-94BD-1CFF2A5103BA', N'16098EF4-8D86-4D55-BB32-6CCB59625398', N'ORGANIZATION_MANAGE$CREATE', N'创建组织', N'/modules/organization/sec_organization_main.jsp', N'Element', N'', NULL, N'',N'43FE6476-CD7B-493B-8044-C7E3149D0876',SYSDATE(),N'43FE6476-CD7B-493B-8044-C7E3149D0876',SYSDATE());
INSERT INTO SEC_Permission (Id, Path, Parent, Code, Name, Url, Type, Element_Id, Element_Behaviour, Description, created_by, created_date, last_updated_by, last_updated_date) VALUES (N'AFA12C4C-F370-45A1-94BD-1CFF2A5103BB','F7101DF7-6C1D-4240-8E46-EFB58B9E40E6.16098EF4-8D86-4D55-BB32-6CCB59625398.AFA12C4C-F370-45A1-94BD-1CFF2A5103BB', N'16098EF4-8D86-4D55-BB32-6CCB59625398', N'ORGANIZATION_MANAGE$QUERY', N'查询组织', N'/modules/organization/sec_organization_main.jsp', N'Element', N'', NULL, N'',N'43FE6476-CD7B-493B-8044-C7E3149D0876',SYSDATE(),N'43FE6476-CD7B-493B-8044-C7E3149D0876',SYSDATE());
INSERT INTO SEC_Permission (Id, Path, Parent, Code, Name, Url, Type, Element_Id, Element_Behaviour, Description, created_by, created_date, last_updated_by, last_updated_date) VALUES (N'8F701A3A-DAC1-4DF0-BC75-8DDC9732A6D0','F7101DF7-6C1D-4240-8E46-EFB58B9E40E6.16098EF4-8D86-4D55-BB32-6CCB59625398.8F701A3A-DAC1-4DF0-BC75-8DDC9732A6D0', N'16098EF4-8D86-4D55-BB32-6CCB59625398', N'ORGANIZATION_MANAGE$EDIT', N'修改组织', N'/modules/organization/sec_organization_main.jsp', N'Element', N'', NULL, N'',N'43FE6476-CD7B-493B-8044-C7E3149D0876',SYSDATE(),N'43FE6476-CD7B-493B-8044-C7E3149D0876',SYSDATE());
INSERT INTO SEC_Permission (Id, Path, Parent, Code, Name, Url, Type, Element_Id, Element_Behaviour, Description, created_by, created_date, last_updated_by, last_updated_date) VALUES (N'3A2B0CBF-1A4E-484E-BEDF-38EBA869CB3F','F7101DF7-6C1D-4240-8E46-EFB58B9E40E6.16098EF4-8D86-4D55-BB32-6CCB59625398.3A2B0CBF-1A4E-484E-BEDF-38EBA869CB3F', N'16098EF4-8D86-4D55-BB32-6CCB59625398', N'ORGANIZATION_MANAGE$DELETE', N'删除组织', N'/modules/organization/sec_organization_main.jsp', N'Element', N'', NULL, N'',N'43FE6476-CD7B-493B-8044-C7E3149D0876',SYSDATE(),N'43FE6476-CD7B-493B-8044-C7E3149D0876',SYSDATE());
INSERT INTO SEC_Permission (Id, Path, Parent, Code, Name, Url, Type, Element_Id, Element_Behaviour, Description, created_by, created_date, last_updated_by, last_updated_date) VALUES (N'16098EF4-8D86-4D55-BB32-6CCB59625397','F7101DF7-6C1D-4240-8E46-EFB58B9E40E6.16098EF4-8D86-4D55-BB32-6CCB59625398.16098EF4-8D86-4D55-BB32-6CCB59625397', N'16098EF4-8D86-4D55-BB32-6CCB59625398', N'ORGANIZATION_MANAGE$ASSIGN_ROLE', N'分配管理角色', N'/modules/organization/sec_organization_main.jsp', N'Element', N'', NULL, N'',N'43FE6476-CD7B-493B-8044-C7E3149D0876',SYSDATE(),N'43FE6476-CD7B-493B-8044-C7E3149D0876',SYSDATE());
INSERT INTO SEC_Permission (Id, Path, Parent, Code, Name, Url, Type, Element_Id, Element_Behaviour, Description, created_by, created_date, last_updated_by, last_updated_date) VALUES (N'4A38CF47-FDD8-4CCE-8C94-B1D0FDFCB915','F7101DF7-6C1D-4240-8E46-EFB58B9E40E6.16098EF4-8D86-4D55-BB32-6CCB59625398.4A38CF47-FDD8-4CCE-8C94-B1D0FDFCB915', N'16098EF4-8D86-4D55-BB32-6CCB59625398', N'ORGANIZATION_MANAGE$ASSIGN_WORKFLOW_ROLE', N'分配流程角色', N'/modules/organization/sec_organization_main.jsp', N'Element', N'', NULL, N'',N'43FE6476-CD7B-493B-8044-C7E3149D0876',SYSDATE(),N'43FE6476-CD7B-493B-8044-C7E3149D0876',SYSDATE());
INSERT INTO SEC_Permission (Id, Path, Parent, Code, Name, Url, Type, Element_Id, Element_Behaviour, Description, created_by, created_date, last_updated_by, last_updated_date) VALUES (N'1FB0CF42-E11D-45AB-8D3D-130EA09A045E','F7101DF7-6C1D-4240-8E46-EFB58B9E40E6.16098EF4-8D86-4D55-BB32-6CCB59625398.1FB0CF42-E11D-45AB-8D3D-130EA09A045E', N'16098EF4-8D86-4D55-BB32-6CCB59625398', N'ORGANIZATION_MANAGE$ENABLE', N'启用组织', N'/modules/organization/sec_organization_main.jsp', N'Element', N'', NULL, N'',N'43FE6476-CD7B-493B-8044-C7E3149D0876',SYSDATE(),N'43FE6476-CD7B-493B-8044-C7E3149D0876',SYSDATE());
INSERT INTO SEC_Permission (Id, Path, Parent, Code, Name, Url, Type, Element_Id, Element_Behaviour, Description, created_by, created_date, last_updated_by, last_updated_date) VALUES (N'323A5A47-2682-4379-AE97-04BF0670245C','F7101DF7-6C1D-4240-8E46-EFB58B9E40E6.16098EF4-8D86-4D55-BB32-6CCB59625398.323A5A47-2682-4379-AE97-04BF0670245C', N'16098EF4-8D86-4D55-BB32-6CCB59625398', N'ORGANIZATION_MANAGE$DISABLE', N'停用组织', N'/modules/organization/sec_organization_main.jsp', N'Element', N'', NULL, N'',N'43FE6476-CD7B-493B-8044-C7E3149D0876',SYSDATE(),N'43FE6476-CD7B-493B-8044-C7E3149D0876',SYSDATE());

INSERT INTO SEC_Permission (Id, Path, Parent, Code, Name, Url, Type, Element_Id, Element_Behaviour, Description, created_by, created_date, last_updated_by, last_updated_date) VALUES (N'6774EFDE-0B0A-4372-8E43-6E4D9B7222BD','F7101DF7-6C1D-4240-8E46-EFB58B9E40E6.4FDAA839-76C6-4299-9808-F72A2412A43A.6774EFDE-0B0A-4372-8E43-6E4D9B7222BD', N'4FDAA839-76C6-4299-9808-F72A2412A43A', N'ROLE_MANAGE$CREATE_ROLE', N'创建角色', N'/modules/role/list_sec_role.jsp', N'Element', N'', NULL, N'',N'43FE6476-CD7B-493B-8044-C7E3149D0876',SYSDATE(),N'43FE6476-CD7B-493B-8044-C7E3149D0876',SYSDATE());
INSERT INTO SEC_Permission (Id, Path, Parent, Code, Name, Url, Type, Element_Id, Element_Behaviour, Description, created_by, created_date, last_updated_by, last_updated_date) VALUES (N'6774EFDE-0B0A-4372-8E43-6E4D9B7222BE','F7101DF7-6C1D-4240-8E46-EFB58B9E40E6.4FDAA839-76C6-4299-9808-F72A2412A43A.6774EFDE-0B0A-4372-8E43-6E4D9B7222BE', N'4FDAA839-76C6-4299-9808-F72A2412A43A', N'ROLE_MANAGE$QUERY_ROLE', N'查询角色', N'/modules/role/list_sec_role.jsp', N'Element', N'', NULL, N'',N'43FE6476-CD7B-493B-8044-C7E3149D0876',SYSDATE(),N'43FE6476-CD7B-493B-8044-C7E3149D0876',SYSDATE());
INSERT INTO SEC_Permission (Id, Path, Parent, Code, Name, Url, Type, Element_Id, Element_Behaviour, Description, created_by, created_date, last_updated_by, last_updated_date) VALUES (N'5344F488-F48F-4A9B-B045-B1EE3FC7D65F','F7101DF7-6C1D-4240-8E46-EFB58B9E40E6.4FDAA839-76C6-4299-9808-F72A2412A43A.5344F488-F48F-4A9B-B045-B1EE3FC7D65F', N'4FDAA839-76C6-4299-9808-F72A2412A43A', N'ROLE_MANAGE$DELETE_ROLE', N'删除角色', N'/modules/role/list_sec_role.jsp', N'Element', N'', NULL, N'',N'43FE6476-CD7B-493B-8044-C7E3149D0876',SYSDATE(),N'43FE6476-CD7B-493B-8044-C7E3149D0876',SYSDATE());
INSERT INTO SEC_Permission (Id, Path, Parent, Code, Name, Url, Type, Element_Id, Element_Behaviour, Description, created_by, created_date, last_updated_by, last_updated_date) VALUES (N'E395332A-4067-401D-8822-F6EACA75C3F2','F7101DF7-6C1D-4240-8E46-EFB58B9E40E6.4FDAA839-76C6-4299-9808-F72A2412A43A.E395332A-4067-401D-8822-F6EACA75C3F2', N'4FDAA839-76C6-4299-9808-F72A2412A43A', N'ROLE_MANAGE$EDIT_ROLE', N'修改角色', N'/modules/role/list_sec_role.jsp', N'Element', N'', NULL, N'',N'43FE6476-CD7B-493B-8044-C7E3149D0876',SYSDATE(),N'43FE6476-CD7B-493B-8044-C7E3149D0876',SYSDATE());
INSERT INTO SEC_Permission (Id, Path, Parent, Code, Name, Url, Type, Element_Id, Element_Behaviour, Description, created_by, created_date, last_updated_by, last_updated_date) VALUES (N'E395332A-4067-401D-8822-F6EACA75C3E1','F7101DF7-6C1D-4240-8E46-EFB58B9E40E6.4FDAA839-76C6-4299-9808-F72A2412A43A.E395332A-4067-401D-8822-F6EACA75C3E1', N'4FDAA839-76C6-4299-9808-F72A2412A43A', N'ROLE_MANAGE$EDIT_WORKFLOW_ROLE', N'维护流程角色', N'/modules/role/list_sec_role.jsp', N'Element', N'', NULL, N'',N'43FE6476-CD7B-493B-8044-C7E3149D0876',SYSDATE(),N'43FE6476-CD7B-493B-8044-C7E3149D0876',SYSDATE());
INSERT INTO SEC_Permission (Id, Path, Parent, Code, Name, Url, Type, Element_Id, Element_Behaviour, Description, created_by, created_date, last_updated_by, last_updated_date) VALUES (N'BFAB3E63-6A5D-46EE-B284-AE77CAE2074E','F7101DF7-6C1D-4240-8E46-EFB58B9E40E6.4FDAA839-76C6-4299-9808-F72A2412A43A.BFAB3E63-6A5D-46EE-B284-AE77CAE2074E', N'4FDAA839-76C6-4299-9808-F72A2412A43A', N'ROLE_MANAGE$INHERIT_ROLE', N'继承角色', N'/modules/role/list_sec_role.jsp', N'Element', N'', NULL, N'',N'43FE6476-CD7B-493B-8044-C7E3149D0876',SYSDATE(),N'43FE6476-CD7B-493B-8044-C7E3149D0876',SYSDATE());
INSERT INTO SEC_Permission (Id, Path, Parent, Code, Name, Url, Type, Element_Id, Element_Behaviour, Description, created_by, created_date, last_updated_by, last_updated_date) VALUES (N'C05C7466-D2A6-443E-95D7-A87E44D880BD','F7101DF7-6C1D-4240-8E46-EFB58B9E40E6.4FDAA839-76C6-4299-9808-F72A2412A43A.C05C7466-D2A6-443E-95D7-A87E44D880BD', N'4FDAA839-76C6-4299-9808-F72A2412A43A', N'ROLE_MANAGE$ASSIGN_PRIVILEGE', N'分配权限', N'/modules/role/list_sec_role.jsp', N'Element', N'', NULL, N'',N'43FE6476-CD7B-493B-8044-C7E3149D0876',SYSDATE(),N'43FE6476-CD7B-493B-8044-C7E3149D0876',SYSDATE());
INSERT INTO SEC_Permission (Id, Path, Parent, Code, Name, Url, Type, Element_Id, Element_Behaviour, Description, created_by, created_date, last_updated_by, last_updated_date) VALUES (N'A74F236D-49A4-46DE-A5B7-D03919740501','F7101DF7-6C1D-4240-8E46-EFB58B9E40E6.4FDAA839-76C6-4299-9808-F72A2412A43A.A74F236D-49A4-46DE-A5B7-D03919740501', N'4FDAA839-76C6-4299-9808-F72A2412A43A', N'ROLE_MANAGE$ASSIGN_USER', N'分配用户', N'/modules/role/list_sec_role.jsp', N'Element', N'', NULL, N'',N'43FE6476-CD7B-493B-8044-C7E3149D0876',SYSDATE(),N'43FE6476-CD7B-493B-8044-C7E3149D0876',SYSDATE());
INSERT INTO SEC_Permission (Id, Path, Parent, Code, Name, Url, Type, Element_Id, Element_Behaviour, Description, `ORDER`, created_by, created_date, last_updated_by, last_updated_date) VALUES (N'0089CEB9-800B-4B91-9ECF-BDE9C4A82027','F7101DF7-6C1D-4240-8E46-EFB58B9E40E6.0089CEB9-800B-4B91-9ECF-BDE9C4A82027' , N'F7101DF7-6C1D-4240-8E46-EFB58B9E40E6', N'PERMISSION_MANAGE', N'功能管理', N'/modules/function/sec_function_main.jsp', N'Page', NULL, NULL, N'',120,N'43FE6476-CD7B-493B-8044-C7E3149D0876',SYSDATE(),N'43FE6476-CD7B-493B-8044-C7E3149D0876',SYSDATE());
INSERT INTO SEC_Permission (Id, Path, Parent, Code, Name, Url, Type, Element_Id, Element_Behaviour, Description, `ORDER`, created_by, created_date, last_updated_by, last_updated_date) VALUES (N'87B6A0D9-6624-4FA1-8A93-5F0F23A3DE76','F7101DF7-6C1D-4240-8E46-EFB58B9E40E6.87B6A0D9-6624-4FA1-8A93-5F0F23A3DE76' , N'F7101DF7-6C1D-4240-8E46-EFB58B9E40E6', N'DATA_DICTIONARY_MANAGE', N'日志管理', N'/modules/log/list_sec_log.jsp', N'Page', NULL, NULL, N'',130,N'43FE6476-CD7B-493B-8044-C7E3149D0876',SYSDATE(),N'43FE6476-CD7B-493B-8044-C7E3149D0876',SYSDATE());
INSERT INTO SEC_Permission (Id, Path, Parent, Code, Name, Url, Type, Element_Id, Element_Behaviour, Description, `ORDER`, created_by, created_date, last_updated_by, last_updated_date) VALUES (N'77B6A0D9-6624-4FA1-8A93-5F0F23A3DE76','F7101DF7-6C1D-4240-8E46-EFB58B9E40E6.77B6A0D9-6624-4FA1-8A93-5F0F23A3DE76',  N'F7101DF7-6C1D-4240-8E46-EFB58B9E40E6', N'SYSTEM_PARAM_MANAGE', N'参数管理', N'/modules/profile/list_sys_profile.jsp', N'Page', NULL, NULL, N'',140,N'43FE6476-CD7B-493B-8044-C7E3149D0876',SYSDATE(),N'43FE6476-CD7B-493B-8044-C7E3149D0876',SYSDATE());


INSERT INTO SEC_Permission_Rule (Id, Operation_Id, Name, Priority, Rule, Behaviour, Description, created_by, created_date, last_updated_by, last_updated_date) VALUES (N'4A38CF47-FDD8-4CCE-8C94-B1D0FDFCB915', N'AD6754E3-B4D8-412D-9CD9-DC19DC42EBEA', N'查看全部用户信息', 99, N'And 1=1', NULL, N'',N'43FE6476-CD7B-493B-8044-C7E3149D0876',SYSDATE(),N'43FE6476-CD7B-493B-8044-C7E3149D0876',SYSDATE());
INSERT INTO SEC_Permission_Rule (Id, Operation_Id, Name, Priority, Rule, Behaviour, Description, created_by, created_date, last_updated_by, last_updated_date) VALUES (N'1FB0CF42-E11D-45AB-8D3D-130EA09A045E', N'AD6754E3-B4D8-412D-9CD9-DC19DC42EBEA', N'查看所在部门的用户信息', 80, N'And uu.Org_Id = #Env:User.OrgId#', NULL, N'',N'43FE6476-CD7B-493B-8044-C7E3149D0876',SYSDATE(),N'43FE6476-CD7B-493B-8044-C7E3149D0876',SYSDATE());
INSERT INTO SEC_Permission_Rule (Id, Operation_Id, Name, Priority, Rule, Behaviour, Description, created_by, created_date, last_updated_by, last_updated_date) VALUES (N'323A5A47-2682-4379-AE97-04BF0670245C', N'AD6754E3-B4D8-412D-9CD9-DC19DC42EBEA', N'查看自己的用户信息', 70, N'And uu.Org_Id = #Env:User.Id#', NULL, N'',N'43FE6476-CD7B-493B-8044-C7E3149D0876',SYSDATE(),N'43FE6476-CD7B-493B-8044-C7E3149D0876',SYSDATE());


INSERT INTO SEC_User_Role (User_Id,Role_Id, created_by, created_date, last_updated_by, last_updated_date) VALUES (N'43FE6476-CD7B-493B-8044-C7E3149D0876', N'AD6754E3-B4D8-412D-9CD9-DC19DC42EBEA',N'43FE6476-CD7B-493B-8044-C7E3149D0876',SYSDATE(),N'43FE6476-CD7B-493B-8044-C7E3149D0876',SYSDATE());
INSERT INTO SEC_Role_Permission (Role_Id, Operation_Id, Rule_Id, created_by, created_date, last_updated_by, last_updated_date) VALUES (N'AD6754E3-B4D8-412D-9CD9-DC19DC42EBEA', N'0089CEB9-800B-4B91-9ECF-BDE9C4A82027', NULL,N'43FE6476-CD7B-493B-8044-C7E3149D0876',SYSDATE(),N'43FE6476-CD7B-493B-8044-C7E3149D0876',SYSDATE());
INSERT INTO SEC_Role_Permission (Role_Id, Operation_Id, Rule_Id, created_by, created_date, last_updated_by, last_updated_date) VALUES (N'AD6754E3-B4D8-412D-9CD9-DC19DC42EBEA', N'87B6A0D9-6624-4FA1-8A93-5F0F23A3DE76', NULL,N'43FE6476-CD7B-493B-8044-C7E3149D0876',SYSDATE(),N'43FE6476-CD7B-493B-8044-C7E3149D0876',SYSDATE());
INSERT INTO SEC_Role_Permission (Role_Id, Operation_Id, Rule_Id, created_by, created_date, last_updated_by, last_updated_date) VALUES (N'AD6754E3-B4D8-412D-9CD9-DC19DC42EBEA', N'F7101DF7-6C1D-4240-8E46-EFB58B9E40E6', NULL,N'43FE6476-CD7B-493B-8044-C7E3149D0876',SYSDATE(),N'43FE6476-CD7B-493B-8044-C7E3149D0876',SYSDATE());
INSERT INTO SEC_Role_Permission (Role_Id, Operation_Id, Rule_Id, created_by, created_date, last_updated_by, last_updated_date) VALUES (N'AD6754E3-B4D8-412D-9CD9-DC19DC42EBEA', N'FF99A85F-C6E8-4A4B-BFB8-4FE45330BE3B', NULL,N'43FE6476-CD7B-493B-8044-C7E3149D0876',SYSDATE(),N'43FE6476-CD7B-493B-8044-C7E3149D0876',SYSDATE());
INSERT INTO SEC_Role_Permission (Role_Id, Operation_Id, Rule_Id, created_by, created_date, last_updated_by, last_updated_date) VALUES (N'AD6754E3-B4D8-412D-9CD9-DC19DC42EBEA', N'AD6754E3-B4D8-412D-9CD9-DC19DC42EBEA', NULL,N'43FE6476-CD7B-493B-8044-C7E3149D0876',SYSDATE(),N'43FE6476-CD7B-493B-8044-C7E3149D0876',SYSDATE());
INSERT INTO SEC_Role_Permission (Role_Id, Operation_Id, Rule_Id, created_by, created_date, last_updated_by, last_updated_date) VALUES (N'AD6754E3-B4D8-412D-9CD9-DC19DC42EBEA', N'9CD3422F-8928-4B46-B730-E351DC018676', NULL,N'43FE6476-CD7B-493B-8044-C7E3149D0876',SYSDATE(),N'43FE6476-CD7B-493B-8044-C7E3149D0876',SYSDATE());
INSERT INTO SEC_Role_Permission (Role_Id, Operation_Id, Rule_Id, created_by, created_date, last_updated_by, last_updated_date) VALUES (N'AD6754E3-B4D8-412D-9CD9-DC19DC42EBEA', N'4FF5615D-F9FF-47B7-946D-089E014735B6', NULL,N'43FE6476-CD7B-493B-8044-C7E3149D0876',SYSDATE(),N'43FE6476-CD7B-493B-8044-C7E3149D0876',SYSDATE());
INSERT INTO SEC_Role_Permission (Role_Id, Operation_Id, Rule_Id, created_by, created_date, last_updated_by, last_updated_date) VALUES (N'AD6754E3-B4D8-412D-9CD9-DC19DC42EBEA', N'4FDAA839-76C6-4299-9808-F72A2412A43A', NULL,N'43FE6476-CD7B-493B-8044-C7E3149D0876',SYSDATE(),N'43FE6476-CD7B-493B-8044-C7E3149D0876',SYSDATE());
INSERT INTO SEC_Role_Permission (Role_Id, Operation_Id, Rule_Id, created_by, created_date, last_updated_by, last_updated_date) VALUES (N'AD6754E3-B4D8-412D-9CD9-DC19DC42EBEA', N'6774EFDE-0B0A-4372-8E43-6E4D9B7222BD', NULL,N'43FE6476-CD7B-493B-8044-C7E3149D0876',SYSDATE(),N'43FE6476-CD7B-493B-8044-C7E3149D0876',SYSDATE());
INSERT INTO SEC_Role_Permission (Role_Id, Operation_Id, Rule_Id, created_by, created_date, last_updated_by, last_updated_date) VALUES (N'AD6754E3-B4D8-412D-9CD9-DC19DC42EBEA', N'5344F488-F48F-4A9B-B045-B1EE3FC7D65F', NULL,N'43FE6476-CD7B-493B-8044-C7E3149D0876',SYSDATE(),N'43FE6476-CD7B-493B-8044-C7E3149D0876',SYSDATE());
INSERT INTO SEC_Role_Permission (Role_Id, Operation_Id, Rule_Id, created_by, created_date, last_updated_by, last_updated_date) VALUES (N'AD6754E3-B4D8-412D-9CD9-DC19DC42EBEA', N'E395332A-4067-401D-8822-F6EACA75C3F2', NULL,N'43FE6476-CD7B-493B-8044-C7E3149D0876',SYSDATE(),N'43FE6476-CD7B-493B-8044-C7E3149D0876',SYSDATE());
INSERT INTO SEC_Role_Permission (Role_Id, Operation_Id, Rule_Id, created_by, created_date, last_updated_by, last_updated_date) VALUES (N'AD6754E3-B4D8-412D-9CD9-DC19DC42EBEA', N'C05C7466-D2A6-443E-95D7-A87E44D880BD', NULL,N'43FE6476-CD7B-493B-8044-C7E3149D0876',SYSDATE(),N'43FE6476-CD7B-493B-8044-C7E3149D0876',SYSDATE());
INSERT INTO SEC_Role_Permission (Role_Id, Operation_Id, Rule_Id, created_by, created_date, last_updated_by, last_updated_date) VALUES (N'AD6754E3-B4D8-412D-9CD9-DC19DC42EBEA', N'A74F236D-49A4-46DE-A5B7-D03919740501', NULL,N'43FE6476-CD7B-493B-8044-C7E3149D0876',SYSDATE(),N'43FE6476-CD7B-493B-8044-C7E3149D0876',SYSDATE());
INSERT INTO SEC_Role_Permission (Role_Id, Operation_Id, Rule_Id, created_by, created_date, last_updated_by, last_updated_date) VALUES (N'0FE18959-74EA-44F0-B63E-D4B3674E399E', N'F7101DF7-6C1D-4240-8E46-EFB58B9E40E6', NULL,N'43FE6476-CD7B-493B-8044-C7E3149D0876',SYSDATE(),N'43FE6476-CD7B-493B-8044-C7E3149D0876',SYSDATE());
INSERT INTO SEC_Role_Permission (Role_Id, Operation_Id, Rule_Id, created_by, created_date, last_updated_by, last_updated_date) VALUES (N'0FE18959-74EA-44F0-B63E-D4B3674E399E', N'FF99A85F-C6E8-4A4B-BFB8-4FE45330BE3B', NULL,N'43FE6476-CD7B-493B-8044-C7E3149D0876',SYSDATE(),N'43FE6476-CD7B-493B-8044-C7E3149D0876',SYSDATE());
INSERT INTO SEC_Role_Permission (Role_Id, Operation_Id, Rule_Id, created_by, created_date, last_updated_by, last_updated_date) VALUES (N'0FE18959-74EA-44F0-B63E-D4B3674E399E', N'AD6754E3-B4D8-412D-9CD9-DC19DC42EBEA', N'1FB0CF42-E11D-45AB-8D3D-130EA09A045E',N'43FE6476-CD7B-493B-8044-C7E3149D0876',SYSDATE(),N'43FE6476-CD7B-493B-8044-C7E3149D0876',SYSDATE());
INSERT INTO SEC_Role_Permission (Role_Id, Operation_Id, Rule_Id, created_by, created_date, last_updated_by, last_updated_date) VALUES (N'84FA16A2-E5A9-43A3-B202-C88BFE28BF8F', N'F7101DF7-6C1D-4240-8E46-EFB58B9E40E6', NULL,N'43FE6476-CD7B-493B-8044-C7E3149D0876',SYSDATE(),N'43FE6476-CD7B-493B-8044-C7E3149D0876',SYSDATE());
INSERT INTO SEC_Role_Permission (Role_Id, Operation_Id, Rule_Id, created_by, created_date, last_updated_by, last_updated_date) VALUES (N'84FA16A2-E5A9-43A3-B202-C88BFE28BF8F', N'FF99A85F-C6E8-4A4B-BFB8-4FE45330BE3B', NULL,N'43FE6476-CD7B-493B-8044-C7E3149D0876',SYSDATE(),N'43FE6476-CD7B-493B-8044-C7E3149D0876',SYSDATE());
INSERT INTO SEC_Role_Permission (Role_Id, Operation_Id, Rule_Id, created_by, created_date, last_updated_by, last_updated_date) VALUES (N'AD6754E3-B4D8-412D-9CD9-DC19DC42EBEA', N'0AB24757-80FA-4345-9FCC-C59EC2FDDC16', NULL,N'43FE6476-CD7B-493B-8044-C7E3149D0876',SYSDATE(),N'43FE6476-CD7B-493B-8044-C7E3149D0876',SYSDATE());
INSERT INTO SEC_Role_Permission (Role_Id, Operation_Id, Rule_Id, created_by, created_date, last_updated_by, last_updated_date) VALUES (N'AD6754E3-B4D8-412D-9CD9-DC19DC42EBEA', N'43FE6476-CD7B-493B-8044-C7E3149D0876', NULL,N'43FE6476-CD7B-493B-8044-C7E3149D0876',SYSDATE(),N'43FE6476-CD7B-493B-8044-C7E3149D0876',SYSDATE());
INSERT INTO SEC_Role_Permission (Role_Id, Operation_Id, Rule_Id, created_by, created_date, last_updated_by, last_updated_date) VALUES (N'AD6754E3-B4D8-412D-9CD9-DC19DC42EBEA', N'5232E651-8566-4C38-8DD7-226CD47F6408', NULL,N'43FE6476-CD7B-493B-8044-C7E3149D0876',SYSDATE(),N'43FE6476-CD7B-493B-8044-C7E3149D0876',SYSDATE());
INSERT INTO SEC_Role_Permission (Role_Id, Operation_Id, Rule_Id, created_by, created_date, last_updated_by, last_updated_date) VALUES (N'AD6754E3-B4D8-412D-9CD9-DC19DC42EBEA', N'1389F41B-3409-4DA7-BDC7-B8F2D099CC26', NULL,N'43FE6476-CD7B-493B-8044-C7E3149D0876',SYSDATE(),N'43FE6476-CD7B-493B-8044-C7E3149D0876',SYSDATE());
INSERT INTO SEC_Role_Permission (Role_Id, Operation_Id, Rule_Id, created_by, created_date, last_updated_by, last_updated_date) VALUES (N'AD6754E3-B4D8-412D-9CD9-DC19DC42EBEA', N'1EB23240-22DA-48ED-848C-0361BB318803', NULL,N'43FE6476-CD7B-493B-8044-C7E3149D0876',SYSDATE(),N'43FE6476-CD7B-493B-8044-C7E3149D0876',SYSDATE());
INSERT INTO SEC_Role_Permission (Role_Id, Operation_Id, Rule_Id, created_by, created_date, last_updated_by, last_updated_date) VALUES (N'AD6754E3-B4D8-412D-9CD9-DC19DC42EBEA', N'16098EF4-8D86-4D55-BB32-6CCB59625398', NULL,N'43FE6476-CD7B-493B-8044-C7E3149D0876',SYSDATE(),N'43FE6476-CD7B-493B-8044-C7E3149D0876',SYSDATE());
INSERT INTO SEC_Role_Permission (Role_Id, Operation_Id, Rule_Id, created_by, created_date, last_updated_by, last_updated_date) VALUES (N'AD6754E3-B4D8-412D-9CD9-DC19DC42EBEA', N'AFA12C4C-F370-45A1-94BD-1CFF2A5103BA', NULL,N'43FE6476-CD7B-493B-8044-C7E3149D0876',SYSDATE(),N'43FE6476-CD7B-493B-8044-C7E3149D0876',SYSDATE());
INSERT INTO SEC_Role_Permission (Role_Id, Operation_Id, Rule_Id, created_by, created_date, last_updated_by, last_updated_date) VALUES (N'AD6754E3-B4D8-412D-9CD9-DC19DC42EBEA', N'8F701A3A-DAC1-4DF0-BC75-8DDC9732A6D0', NULL,N'43FE6476-CD7B-493B-8044-C7E3149D0876',SYSDATE(),N'43FE6476-CD7B-493B-8044-C7E3149D0876',SYSDATE());
INSERT INTO SEC_Role_Permission (Role_Id, Operation_Id, Rule_Id, created_by, created_date, last_updated_by, last_updated_date) VALUES (N'AD6754E3-B4D8-412D-9CD9-DC19DC42EBEA', N'3A2B0CBF-1A4E-484E-BEDF-38EBA869CB3F', NULL,N'43FE6476-CD7B-493B-8044-C7E3149D0876',SYSDATE(),N'43FE6476-CD7B-493B-8044-C7E3149D0876',SYSDATE());
INSERT INTO SEC_Role_Permission (Role_Id, Operation_Id, Rule_Id, created_by, created_date, last_updated_by, last_updated_date) VALUES (N'AD6754E3-B4D8-412D-9CD9-DC19DC42EBEA', N'1FB0CF42-E11D-45AB-8D3D-130EA09A045E', NULL,N'43FE6476-CD7B-493B-8044-C7E3149D0876',SYSDATE(),N'43FE6476-CD7B-493B-8044-C7E3149D0876',SYSDATE());
INSERT INTO SEC_Role_Permission (Role_Id, Operation_Id, Rule_Id, created_by, created_date, last_updated_by, last_updated_date) VALUES (N'AD6754E3-B4D8-412D-9CD9-DC19DC42EBEA', N'323A5A47-2682-4379-AE97-04BF0670245C', NULL,N'43FE6476-CD7B-493B-8044-C7E3149D0876',SYSDATE(),N'43FE6476-CD7B-493B-8044-C7E3149D0876',SYSDATE());
INSERT INTO SEC_Role_Permission (Role_Id, Operation_Id, Rule_Id, created_by, created_date, last_updated_by, last_updated_date) VALUES (N'AD6754E3-B4D8-412D-9CD9-DC19DC42EBEA', N'16098EF4-8D86-4D55-BB32-6CCB59625397', NULL,N'43FE6476-CD7B-493B-8044-C7E3149D0876',SYSDATE(),N'43FE6476-CD7B-493B-8044-C7E3149D0876',SYSDATE());
INSERT INTO SEC_Role_Permission (Role_Id, Operation_Id, Rule_Id, created_by, created_date, last_updated_by, last_updated_date) VALUES (N'AD6754E3-B4D8-412D-9CD9-DC19DC42EBEA', N'77B6A0D9-6624-4FA1-8A93-5F0F23A3DE76', NULL,N'43FE6476-CD7B-493B-8044-C7E3149D0876',SYSDATE(),N'43FE6476-CD7B-493B-8044-C7E3149D0876',SYSDATE());
commit;
